first_name,last_name,company_name,address,city,county,state,zip,phone,email,salary
Gail,Kitty,"Lynema, Cliff Cpa",735 Crawford Dr,Anchorage,Anchorage,AK,99501,907-435-9166,gail@kitty.com,163047
Penney,Weight,Weiss Spirt & Guyer,18 Fountain St,Anchorage,Anchorage,AK,99515,907-797-9628,penney_weight@aol.com,94176
Lenna,Paprocki,"Lynema, Cliff Cpa",639 Main St,Anchorage,Anchorage,AK,99501,907-385-4412,lpaprocki@hotmail.com,158895
Roxane,Campain,"Crowan, Kenneth W Esq",1048 Main St,Fairbanks,Fairbanks North Star,AK,99708,907-231-4722,roxane@hotmail.com,132310
Erick,Ferencz,Weiss Spirt & Guyer,20 S Babcock St,Fairbanks,Fairbanks North Star,AK,99712,907-741-1044,erick.ferencz@aol.com,125113
Wilda,Giguere,"Lynema, Cliff Cpa",1747 Calle Amanecer #2,Anchorage,Anchorage,AK,99501,907-870-5536,wilda@cox.net,78795
Carin,Deleo,Weiss Spirt & Guyer,1844 Southern Blvd,Little Rock,Pulaski,AR,72202,501-308-1040,cdeleo@deleo.com,168974
Herminia,Nicolozakes,"Lynema, Cliff Cpa",4 58th St #3519,Scottsdale,Maricopa,AZ,85254,602-954-5141,herminia@nicolozakes.org,75840
Christiane,Eschberger,"Berick, Joseph G Esq",96541 W Central Blvd,Phoenix,Maricopa,AZ,85034,602-390-4944,christiane.eschberger@yahoo.com,77043
Elke,Sengbusch,"Berick, Joseph G Esq",9 W Central Ave,Phoenix,Maricopa,AZ,85013,602-896-2993,elke_sengbusch@yahoo.com,100473
Arminda,Parvis,Weiss Spirt & Guyer,1 Huntwood Ave,Phoenix,Maricopa,AZ,85017,602-906-9419,arminda@parvis.com,116420
Iluminada,Ohms,Weiss Spirt & Guyer,72 Southern Blvd,Mesa,Maricopa,AZ,85204,480-293-2882,iluminada.ohms@yahoo.com,161238
Mattie,Poquette,Bridgeway Plan For Health,73 State Road 434 E,Phoenix,Maricopa,AZ,85013,602-277-4385,mattie@aol.com,94984
Helene,Rodenberger,"Berick, Joseph G Esq",347 Chestnut St,Peoria,Maricopa,AZ,85381,623-461-8551,helene@aol.com,129707
Keneth,Borgman,Weiss Spirt & Guyer,86350 Roszel Rd,Phoenix,Maricopa,AZ,85012,602-919-4211,keneth@yahoo.com,138242
Regenia,Kannady,"Crowan, Kenneth W Esq",10759 Main St,Scottsdale,Maricopa,AZ,85260,480-726-1280,regenia.kannady@cox.net,122476
Mitzie,Hudnall,"Crowan, Kenneth W Esq",17 Jersey Ave,Englewood,Arapahoe,CO,80110,303-402-1940,mitzie_hudnall@yahoo.com,146177
Jaclyn,Bachman,Weiss Spirt & Guyer,721 Interstate 45 S,Colorado Springs,El Paso,CO,80919,719-853-3600,jaclyn@aol.com,124282
Alease,Buemi,"Berick, Joseph G Esq",4 Webbs Chapel Rd,Boulder,Boulder,CO,80303,303-301-4946,alease@buemi.com,162962
Howard,Paulas,"Lynema, Cliff Cpa",866 34th Ave,Denver,Denver,CO,80231,303-623-4241,hpaulas@gmail.com,158081
Pamella,Fortino,"Crowan, Kenneth W Esq",669 Packerland Dr #1438,Denver,Denver,CO,80212,303-404-2210,pamella@fortino.com,85981
Virgie,Kiel,"Lynema, Cliff Cpa",76598 Rd  I 95 #1,Denver,Denver,CO,80216,303-776-7548,vkiel@hotmail.com,166302
Carmelina,Lindall,"Crowan, Kenneth W Esq",2664 Lewis Rd,Littleton,Douglas,CO,80126,303-724-7371,carmelina_lindall@lindall.com,143611
Sherita,Saras,"Crowan, Kenneth W Esq",8 Us Highway 22,Colorado Springs,El Paso,CO,80937,719-669-1664,sherita.saras@cox.net,83667
Yoko,Fishburne,"Crowan, Kenneth W Esq",9122 Carpenter Ave,New Haven,New Haven,CT,6511,203-506-4706,yoko@fishburne.com,87871
Zona,Colla,Bridgeway Plan For Health,49440 Dearborn St,Norwalk,Fairfield,CT,6854,203-461-1949,zona@hotmail.com,72548
Ma,Layous,"Crowan, Kenneth W Esq",78112 Morris Ave,North Haven,New Haven,CT,6473,203-721-3388,mlayous@hotmail.com,148475
Harrison,Haufler,"Crowan, Kenneth W Esq",759 Eldora St,New Haven,New Haven,CT,6515,203-801-6193,hhaufler@hotmail.com,162657
Teddy,Pedrozo,Weiss Spirt & Guyer,46314 Route 130,Bridgeport,Fairfield,CT,6610,203-892-3863,teddy_pedrozo@aol.com,166947
Alesia,Hixenbaugh,"Crowan, Kenneth W Esq",9 Front St,Washington,District of Columbia,DC,20001,202-646-7516,alesia_hixenbaugh@hixenbaugh.org,141931
Scarlet,Cartan,"Berick, Joseph G Esq",9390 S Howell Ave,Albany,Dougherty,GA,31701,229-735-3378,scarlet.cartan@yahoo.com,166278
Belen,Strassner,"Lynema, Cliff Cpa",5384 Southwyck Blvd,Douglasville,Douglas,GA,30135,770-507-8791,belen_strassner@aol.com,113473
Renea,Monterrubio,"Lynema, Cliff Cpa",26 Montgomery St,Atlanta,Fulton,GA,30328,770-679-4752,renea@hotmail.com,145420
Sarah,Candlish,"Crowan, Kenneth W Esq",45 2nd Ave #9759,Atlanta,Fulton,GA,30328,770-732-1194,sarah.candlish@gmail.com,87511
Leota,Ragel,"Crowan, Kenneth W Esq",99 5th Ave #33,Trion,Chattooga,GA,30753,706-221-4243,leota.ragel@gmail.com,129069
Izetta,Funnell,"Crowan, Kenneth W Esq",82 Winsor St #54,Atlanta,Dekalb,GA,30340,770-844-3447,izetta.funnell@hotmail.com,89756
Paris,Wide,"Lynema, Cliff Cpa",187 Market St,Atlanta,Fulton,GA,30342,404-505-4445,paris@hotmail.com,138825
Novella,Degroot,"Lynema, Cliff Cpa",303 N Radcliffe St,Hilo,Hawaii,HI,96720,808-477-4775,novella_degroot@degroot.org,165491
Brandon,Callaro,"Crowan, Kenneth W Esq",7 Benton Dr,Honolulu,Honolulu,HI,96819,808-215-6832,brandon_callaro@hotmail.com,72828
Angella,Cetta,"Berick, Joseph G Esq",185 Blackstone Bldge,Honolulu,Honolulu,HI,96817,808-892-7943,angella.cetta@hotmail.com,99881
Rolande,Spickerman,"Crowan, Kenneth W Esq",65 W Maple Ave,Pearl City,Honolulu,HI,96782,808-315-3077,rolande.spickerman@spickerman.com,164974
Glenn,Berray,"Lynema, Cliff Cpa",29 Cherry St #7073,Des Moines,Polk,IA,50315,515-370-7348,gberray@gmail.com,142688
Brittni,Gillaspie,"Crowan, Kenneth W Esq",67 Rv Cent,Boise,Ada,ID,83709,208-709-1235,bgillaspie@gillaspie.com,85844
Vallie,Mondella,Bridgeway Plan For Health,74 W College St,Boise,Ada,ID,83707,208-862-5339,vmondella@mondella.com,112669
Winfred,Brucato,"Berick, Joseph G Esq",201 Ridgewood Rd,Moscow,Latah,ID,83843,208-252-4552,winfred_brucato@hotmail.com,121933
Dorthy,Hidvegi,Weiss Spirt & Guyer,9635 S Main St,Boise,Ada,ID,83704,208-649-2373,dhidvegi@yahoo.com,141416
Valentin,Klimek,"Berick, Joseph G Esq",137 Pioneer Way,Chicago,Cook,IL,60604,312-303-5453,vklimek@klimek.org,79413
Mitsue,Tollner,"Crowan, Kenneth W Esq",7 Eads St,Chicago,Cook,IL,60632,773-573-6914,mitsue_tollner@yahoo.com,97966
Jennifer,Fallick,Weiss Spirt & Guyer,44 58th St,Wheeling,Cook,IL,60090,847-979-9545,jfallick@yahoo.com,75163
Viva,Toelkes,Bridgeway Plan For Health,4284 Dorigo Ln,Chicago,Cook,IL,60647,773-446-5569,viva.toelkes@gmail.com,119267
Cassi,Wildfong,Weiss Spirt & Guyer,26849 Jefferson Hwy,Rolling Meadows,Cook,IL,60008,847-633-3216,cassi.wildfong@aol.com,140266
Nichelle,Meteer,"Lynema, Cliff Cpa",72 Beechwood Ter,Chicago,Cook,IL,60657,773-225-9985,nichelle_meteer@meteer.com,77723
Lai,Gato,Weiss Spirt & Guyer,37 Alabama Ave,Evanston,Cook,IL,60201,847-728-7286,lai.gato@gato.org,92926
Carmela,Cookey,Weiss Spirt & Guyer,9 Murfreesboro Rd,Chicago,Cook,IL,60623,773-494-4195,ccookey@cookey.org,124836
Weldon,Acuff,"Berick, Joseph G Esq",73 W Barstow Ave,Arlington Heights,Cook,IL,60004,847-353-2156,wacuff@gmail.com,169180
Erick,Nievas,"Lynema, Cliff Cpa",45 E Acacia Ct,Chicago,Cook,IL,60624,773-704-9903,erick_nievas@aol.com,75258
Daron,Dinos,"Crowan, Kenneth W Esq",18 Waterloo Geneva Rd,Highland Park,Lake,IL,60035,847-233-3075,daron_dinos@cox.net,80965
Fletcher,Flosi,Bridgeway Plan For Health,394 Manchester Blvd,Rockford,Winnebago,IL,61109,815-828-2147,fletcher.flosi@yahoo.com,126295
Geoffrey,Acey,"Lynema, Cliff Cpa",7 West Ave #1,Palatine,Cook,IL,60067,847-222-1734,geoffrey@gmail.com,98360
Marti,Maybury,Bridgeway Plan For Health,4 Warehouse Point Rd #7,Chicago,Cook,IL,60638,773-775-4522,marti.maybury@yahoo.com,87230
Joni,Breland,Bridgeway Plan For Health,35 E Main St #43,Elk Grove Village,Cook,IL,60007,847-519-5906,joni_breland@cox.net,84185
Raylene,Kampa,"Berick, Joseph G Esq",2 Sw Nyberg Rd,Elkhart,Elkhart,IN,46514,574-499-1454,rkampa@kampa.org,152736
Serina,Zagen,"Crowan, Kenneth W Esq",7 S Beverly Dr,Fort Wayne,Allen,IN,46802,260-273-3725,szagen@aol.com,139126
Alline,Jeanty,"Berick, Joseph G Esq",55713 Lake City Hwy,South Bend,St Joseph,IN,46601,574-656-2800,ajeanty@gmail.com,139372
Carey,Dopico,"Crowan, Kenneth W Esq",87393 E Highland Rd,Indianapolis,Marion,IN,46220,317-578-2453,carey_dopico@dopico.org,80050
Reita,Leto,Bridgeway Plan For Health,55262 N French Rd,Indianapolis,Marion,IN,46240,317-234-1135,reita.leto@gmail.com,92077
Gary,Nunlee,"Lynema, Cliff Cpa",2 W Mount Royal Ave,Fortville,Hancock,IN,46040,317-542-6023,gary_nunlee@nunlee.org,146112
Kristofer,Bennick,Weiss Spirt & Guyer,772 W River Dr,Bloomington,Monroe,IN,47404,812-368-1511,kristofer.bennick@yahoo.com,168851
Malinda,Hochard,"Crowan, Kenneth W Esq",55 Riverside Ave,Indianapolis,Marion,IN,46202,317-722-5066,malinda.hochard@yahoo.com,167517
Raymon,Calvaresi,Weiss Spirt & Guyer,6538 E Pomona St #60,Indianapolis,Marion,IN,46222,317-825-4724,raymon.calvaresi@gmail.com,82362
Dyan,Oldroyd,Weiss Spirt & Guyer,7219 Woodfield Rd,Overland Park,Johnson,KS,66204,913-413-4604,doldroyd@aol.com,77434
Carlee,Boulter,Bridgeway Plan For Health,8284 Hart St,Abilene,Dickinson,KS,67410,785-347-1805,carlee.boulter@hotmail.com,133721
Chanel,Caudy,Bridgeway Plan For Health,86 Nw 66th St #8673,Shawnee,Johnson,KS,66218,913-388-2079,chanel.caudy@caudy.org,162268
Kati,Rulapaugh,"Lynema, Cliff Cpa",6980 Dorsett Rd,Abilene,Dickinson,KS,67410,785-463-7829,kati.rulapaugh@hotmail.com,125315
Kimberlie,Duenas,Bridgeway Plan For Health,8100 Jacksonville Rd #7,Hays,Ellis,KS,67601,785-629-8542,kimberlie_duenas@yahoo.com,110299
Stephane,Myricks,Weiss Spirt & Guyer,9 Tower Ave,Burlington,Boone,KY,41005,859-717-7638,stephane_myricks@cox.net,136956
Kayleigh,Lace,"Berick, Joseph G Esq",43 Huey P Long Ave,Lafayette,Lafayette,LA,70508,337-740-9323,kayleigh.lace@yahoo.com,131431
Cordelia,Storment,Bridgeway Plan For Health,393 Hammond Dr,Lafayette,Lafayette,LA,70506,337-566-6001,cordelia_storment@aol.com,131855
Terrilyn,Rodeigues,Weiss Spirt & Guyer,3718 S Main St,New Orleans,Orleans,LA,70130,504-463-4384,terrilyn.rodeigues@cox.net,122596
Jutta,Amyot,Weiss Spirt & Guyer,49 N Mays St,Broussard,Lafayette,LA,70518,337-515-1438,jamyot@hotmail.com,76605
Willodean,Konopacki,"Berick, Joseph G Esq",55 Hawthorne Blvd,Lafayette,Lafayette,LA,70506,337-253-8384,willodean_konopacki@konopacki.org,89427
James,Butt,"Lynema, Cliff Cpa",6649 N Blue Gum St,New Orleans,Orleans,LA,70116,504-621-8927,jbutt@gmail.com,141035
Solange,Shinko,"Lynema, Cliff Cpa",426 Wolf St,Metairie,Jefferson,LA,70002,504-979-9175,solange@shinko.com,145866
Larae,Gudroe,Bridgeway Plan For Health,6651 Municipal Rd,Houma,Terrebonne,LA,70360,985-890-7262,larae_gudroe@gmail.com,115249
Arlene,Klusman,"Berick, Joseph G Esq",3 Secor Rd,New Orleans,Orleans,LA,70112,504-710-5840,arlene_klusman@gmail.com,115687
Luisa,Jurney,"Crowan, Kenneth W Esq",25 Se 176th Pl,Cambridge,Middlesex,MA,2138,617-365-2134,ljurney@hotmail.com,122854
Lucy,Treston,Bridgeway Plan For Health,57254 Brickell Ave #372,Worcester,Worcester,MA,1602,508-769-5250,lucy@cox.net,91588
Nobuko,Halsey,"Berick, Joseph G Esq",8139 I Hwy 10 #92,New Bedford,Bristol,MA,2745,508-855-9887,nobuko.halsey@yahoo.com,167139
Levi,Munis,Bridgeway Plan For Health,2094 Ne 36th Ave,Worcester,Worcester,MA,1603,508-456-4907,levi.munis@gmail.com,120888
Beatriz,Corrington,"Crowan, Kenneth W Esq",481 W Lemon St,Middleboro,Plymouth,MA,2346,508-584-4279,beatriz@yahoo.com,122313
Corinne,Loder,"Crowan, Kenneth W Esq",4 Carroll St,North Attleboro,Bristol,MA,2760,508-942-4186,corinne@loder.org,105507
Nicolette,Brossart,Bridgeway Plan For Health,1 Midway Rd,Westborough,Worcester,MA,1581,508-837-9230,nicolette_brossart@brossart.com,101603
Jina,Briddick,Weiss Spirt & Guyer,38938 Park Blvd,Boston,Suffolk,MA,2128,617-399-5124,jina_briddick@briddick.com,109035
Donte,Kines,Weiss Spirt & Guyer,3 Aspen St,Worcester,Worcester,MA,1602,508-429-8576,dkines@hotmail.com,121342
Oretha,Menter,Weiss Spirt & Guyer,8 County Center Dr #647,Boston,Suffolk,MA,2210,617-418-5043,oretha_menter@yahoo.com,169736
Annabelle,Boord,Weiss Spirt & Guyer,523 Marquette Ave,Concord,Middlesex,MA,1742,978-697-6263,annabelle.boord@cox.net,161045
Katina,Polidori,"Berick, Joseph G Esq",5 Little River Tpke,Wilmington,Middlesex,MA,1887,978-626-2978,katina_polidori@aol.com,82692
Eden,Jayson,"Lynema, Cliff Cpa",4 Iwaena St,Baltimore,Baltimore City,MD,21202,410-890-7866,eden_jayson@yahoo.com,138787
Talia,Marthe,Bridgeway Plan For Health,2853 S Central Expy,Glen Burnie,Anne Arundel,MD,21061,410-914-9018,ilene.eroman@hotmail.com,149240
Annelle,Tagala,"Berick, Joseph G Esq",5 W 7th St,Parkville,Baltimore,MD,21234,410-757-1035,annelle@yahoo.com,118300
Laurel,Reitler,Weiss Spirt & Guyer,6 Kains Ave,Baltimore,Baltimore City,MD,21215,410-520-4832,laurel_reitler@reitler.com,142661
Elouise,Gwalthney,"Lynema, Cliff Cpa",9506 Edgemore Ave,Bladensburg,Prince Georges,MD,20710,301-841-5012,egwalthney@yahoo.com,138299
Ernest,Syrop,"Berick, Joseph G Esq",94 Chase Rd,Hyattsville,Prince Georges,MD,20785,301-998-9644,ernest@cox.net,101799
Kaitlyn,Ogg,Weiss Spirt & Guyer,2 S Biscayne Blvd,Baltimore,Baltimore City,MD,21230,410-665-4903,kaitlyn.ogg@gmail.com,103345
Detra,Coyier,"Lynema, Cliff Cpa",96950 Hidden Ln,Aberdeen,Harford,MD,21001,410-739-9277,detra@aol.com,90492
Loreta,Timenez,Weiss Spirt & Guyer,47857 Coney Island Ave,Clinton,Prince Georges,MD,20735,301-696-6420,loreta.timenez@hotmail.com,156007
Reena,Maisto,Bridgeway Plan For Health,9648 S Main,Salisbury,Wicomico,MD,21801,410-351-1863,reena@hotmail.com,107416
Fernanda,Jillson,"Lynema, Cliff Cpa",60480 Old Us Highway 51,Preston,Caroline,MD,21655,410-387-5260,fjillson@aol.com,90688
Lashaunda,Lizama,Bridgeway Plan For Health,3387 Ryan Dr,Hanover,Anne Arundel,MD,21076,410-678-2473,llizama@cox.net,150799
Glory,Kulzer,"Lynema, Cliff Cpa",55892 Jacksonville Rd,Owings Mills,Baltimore,MD,21117,410-224-9462,gkulzer@kulzer.org,86723
Kris,Marrier,Weiss Spirt & Guyer,228 Runamuck Pl #2808,Baltimore,Baltimore City,MD,21224,410-655-8723,kris@gmail.com,104706
Sylvia,Cousey,"Crowan, Kenneth W Esq",287 Youngstown Warren Rd,Hampstead,Carroll,MD,21074,410-209-9545,sylvia_cousey@cousey.org,144341
Ezekiel,Chui,Bridgeway Plan For Health,2 Cedar Ave #84,Easton,Talbot,MD,21601,410-669-1642,ezekiel@chui.com,96368
Izetta,Dewar,Weiss Spirt & Guyer,2 W Scyene Rd #3,Baltimore,Baltimore City,MD,21217,410-473-1708,idewar@dewar.com,125326
Ceola,Setter,Bridgeway Plan For Health,96263 Greenwood Pl,Warren,Knox,ME,4864,207-627-7565,ceola.setter@setter.org,103709
Goldie,Schirpke,"Berick, Joseph G Esq",34 Saint George Ave #2,Bangor,Penobscot,ME,4401,207-295-7569,goldie.schirpke@yahoo.com,141874
Jolanda,Hanafan,"Lynema, Cliff Cpa",37855 Nolan Rd,Bangor,Penobscot,ME,4401,207-458-9196,jhanafan@gmail.com,113762
Sharee,Maile,"Crowan, Kenneth W Esq",2094 Montour Blvd,Muskegon,Muskegon,MI,49442,231-467-9978,sharee_maile@aol.com,118295
Chaya,Malvin,"Lynema, Cliff Cpa",560 Civic Center Dr,Ann Arbor,Washtenaw,MI,48103,734-928-5182,chaya@malvin.com,70959
Yuki,Whobrey,"Crowan, Kenneth W Esq",1 State Route 27,Taylor,Wayne,MI,48180,313-288-7937,yuki_whobrey@aol.com,116018
Vilma,Berlanga,"Berick, Joseph G Esq",79 S Howell Ave,Grand Rapids,Kent,MI,49546,616-737-3085,vberlanga@berlanga.com,163709
Markus,Lukasik,"Crowan, Kenneth W Esq",89 20th St E #779,Sterling Heights,Macomb,MI,48310,586-970-7380,markus@yahoo.com,114958
Ligia,Reiber,"Lynema, Cliff Cpa",206 Main St #2804,Lansing,Ingham,MI,48933,517-906-1108,lreiber@cox.net,148342
Kenneth,Grenet,"Berick, Joseph G Esq",2167 Sierra Rd,East Lansing,Ingham,MI,48823,517-499-2322,kenneth.grenet@grenet.org,169438
Deonna,Kippley,"Berick, Joseph G Esq",57 Haven Ave #90,Southfield,Oakland,MI,48075,248-913-4677,deonna_kippley@hotmail.com,75886
Josephine,Darakjy,"Berick, Joseph G Esq",4 B Blue Ridge Blvd,Brighton,Livingston,MI,48116,810-292-9388,josephine_darakjy@darakjy.org,138048
Quentin,Swayze,"Lynema, Cliff Cpa",278 Bayview Ave,Milan,Monroe,MI,48160,734-561-6170,quentin_swayze@yahoo.com,109066
Beckie,Silvestrini,Weiss Spirt & Guyer,7116 Western Ave,Dearborn,Wayne,MI,48126,313-533-4884,beckie.silvestrini@silvestrini.com,108918
Judy,Aquas,Bridgeway Plan For Health,8977 Connecticut Ave Nw #3,Niles,Berrien,MI,49120,269-756-7222,jaquas@aquas.com,147081
Cherry,Lietz,"Lynema, Cliff Cpa",40 9th Ave Sw #91,Waterford,Oakland,MI,48329,248-980-6904,cherry@lietz.com,90440
Dulce,Labreche,"Berick, Joseph G Esq",9581 E Arapahoe Rd,Rochester,Oakland,MI,48307,248-357-8718,dulce_labreche@yahoo.com,104572
Rodolfo,Butzen,Bridgeway Plan For Health,41 Steel Ct,Northfield,Rice,MN,55057,507-210-3510,rodolfo@hotmail.com,97542
Quentin,Birkner,Bridgeway Plan For Health,7061 N 2nd St,Burnsville,Dakota,MN,55337,952-702-7993,qbirkner@aol.com,157513
Chantell,Maynerich,"Berick, Joseph G Esq",2023 Greg St,Saint Paul,Ramsey,MN,55101,651-591-2583,chantell@yahoo.com,168971
Cyndy,Goldammer,Bridgeway Plan For Health,170 Wyoming Ave,Burnsville,Dakota,MN,55337,952-334-9408,cgoldammer@cox.net,146162
Skye,Fillingim,Weiss Spirt & Guyer,25 Minters Chapel Rd #9,Minneapolis,Hennepin,MN,55401,612-508-2655,skye_fillingim@yahoo.com,149750
Matthew,Neither,"Crowan, Kenneth W Esq",636 Commerce Dr #42,Shakopee,Scott,MN,55379,952-651-7597,mneither@yahoo.com,76568
Fatima,Saylors,Weiss Spirt & Guyer,2 Lighthouse Ave,Hopkins,Hennepin,MN,55343,952-768-2416,fsaylors@saylors.org,77654
Diane,Devreese,"Crowan, Kenneth W Esq",1953 Telegraph Rd,Saint Joseph,Buchanan,MO,64504,816-557-9673,diane@cox.net,153636
Tresa,Sweely,"Lynema, Cliff Cpa",22 Bridle Ln,Valley Park,Saint Louis,MO,63088,314-359-9566,tresa_sweely@hotmail.com,97890
Kasandra,Semidey,Weiss Spirt & Guyer,369 Latham St #500,Saint Louis,Saint Louis City,MO,63102,314-732-9131,kasandra_semidey@semidey.com,110811
Benedict,Sama,"Lynema, Cliff Cpa",4923 Carey Ave,Saint Louis,Saint Louis City,MO,63104,314-787-1588,bsama@cox.net,116371
Leonida,Gobern,Weiss Spirt & Guyer,5 Elmwood Park Blvd,Biloxi,Harrison,MS,39530,228-235-5615,leonida@gobern.org,91141
Billye,Miro,Bridgeway Plan For Health,36 Lancaster Dr Se,Pearl,Rankin,MS,39208,601-567-5386,billye_miro@cox.net,106200
Paz,Sahagun,"Crowan, Kenneth W Esq",919 Wall Blvd,Meridian,Lauderdale,MS,39307,601-927-8287,paz_sahagun@cox.net,75561
Roslyn,Chavous,"Berick, Joseph G Esq",63517 Dupont St,Jackson,Hinds,MS,39211,601-234-9632,roslyn.chavous@chavous.org,112367
Raina,Brachle,"Lynema, Cliff Cpa",3829 Ventura Blvd,Butte,Silver Bow,MT,59701,406-318-1515,raina.brachle@brachle.org,115817
Deandrea,Hughey,"Berick, Joseph G Esq",33 Lewis Rd #46,Burlington,Alamance,NC,27215,336-822-7652,deandrea@yahoo.com,150672
Maile,Linahan,"Crowan, Kenneth W Esq",9 Plainsboro Rd #598,Greensboro,Guilford,NC,27409,336-670-2640,mlinahan@yahoo.com,168592
Johnetta,Abdallah,Bridgeway Plan For Health,1088 Pinehurst St,Chapel Hill,Orange,NC,27514,919-225-9345,johnetta_abdallah@aol.com,98786
Lonna,Diestel,"Crowan, Kenneth W Esq",1482 College Ave,Fayetteville,Cumberland,NC,28301,910-922-3672,lonna_diestel@gmail.com,92125
Lezlie,Craghead,Bridgeway Plan For Health,749 W 18th St #45,Smithfield,Johnston,NC,27577,919-533-3762,lezlie.craghead@craghead.org,110617
Nan,Koppinger,Bridgeway Plan For Health,88827 Frankford Ave,Greensboro,Guilford,NC,27401,336-370-5333,nan@koppinger.com,147153
Rosio,Cork,Bridgeway Plan For Health,4 10th St W,High Point,Guilford,NC,27263,336-243-5659,rosio.cork@gmail.com,160488
Lenna,Newville,"Lynema, Cliff Cpa",987 Main St,Raleigh,Wake,NC,27601,919-623-2524,lnewville@newville.com,112939
Lavonda,Hengel,"Lynema, Cliff Cpa",87 Imperial Ct #79,Fargo,Cass,ND,58102,701-898-2154,lavonda@cox.net,130329
Colette,Kardas,Bridgeway Plan For Health,21575 S Apple Creek Rd,Omaha,Douglas,NE,68124,402-896-5943,colette.kardas@yahoo.com,140203
Flo,Bookamer,Weiss Spirt & Guyer,89992 E 15th St,Alliance,Box Butte,NE,69301,308-726-2182,flo.bookamer@cox.net,155488
Dalene,Riden,"Lynema, Cliff Cpa",66552 Malone Rd,Plaistow,Rockingham,NH,3865,603-315-6839,dalene.riden@aol.com,119967
Francine,Vocelka,"Lynema, Cliff Cpa",366 South Dr,Las Cruces,Dona Ana,NM,88011,505-977-3911,francine_vocelka@vocelka.com,103173
Devorah,Chickering,Weiss Spirt & Guyer,31 Douglas Blvd #950,Clovis,Curry,NM,88101,505-975-8559,devorah@hotmail.com,77711
Clay,Hoa,"Crowan, Kenneth W Esq",73 Saint Ann St #86,Reno,Washoe,NV,89502,775-501-8109,choa@hoa.org,83210
Junita,Stoltzman,"Berick, Joseph G Esq",94 W Dodge Rd,Carson City,Carson City,NV,89701,775-638-9963,junita@aol.com,154738
Sylvie,Ryser,"Berick, Joseph G Esq",649 Tulane Ave,Tulsa,Tulsa,OK,74105,918-644-9555,sylvie@aol.com,147642
Nieves,Gotter,"Berick, Joseph G Esq",4940 Pulaski Park Dr,Portland,Multnomah,OR,97202,503-527-5274,nieves_gotter@gmail.com,163805
Karan,Karpin,Weiss Spirt & Guyer,3 Elmwood Dr,Beaverton,Washington,OR,97005,503-940-8327,karan_karpin@gmail.com,145414
Andra,Scheyer,"Crowan, Kenneth W Esq",9 Church St,Salem,Marion,OR,97302,503-516-2189,andra@gmail.com,164921
Youlanda,Schemmer,"Berick, Joseph G Esq",2881 Lewis Rd,Prineville,Crook,OR,97754,541-548-8197,youlanda@aol.com,114202
Carissa,Batman,Bridgeway Plan For Health,12270 Caton Center Dr,Eugene,Lane,OR,97401,541-326-4074,carissa.batman@yahoo.com,82365
Twana,Felger,"Berick, Joseph G Esq",1 Commerce Way,Portland,Washington,OR,97224,503-939-3153,twana.felger@felger.org,88047
Caitlin,Julia,Weiss Spirt & Guyer,5 Williams St,Johnston,Providence,RI,2919,401-948-4982,caitlin.julia@julia.org,95264
Hermila,Thyberg,"Lynema, Cliff Cpa",1 Rancho Del Mar Shopping C,Providence,Providence,RI,2903,401-893-4882,hermila_thyberg@hotmail.com,82577
Blondell,Pugh,Bridgeway Plan For Health,201 Hawk Ct,Providence,Providence,RI,2904,401-960-8259,bpugh@aol.com,93285
Delmy,Ahle,"Berick, Joseph G Esq",65895 S 16th St,Providence,Providence,RI,2909,401-458-2547,delmy.ahle@hotmail.com,97380
Lawrence,Lorens,Weiss Spirt & Guyer,9 Hwy,Providence,Providence,RI,2906,401-465-6432,lawrence.lorens@hotmail.com,70776
Sabra,Uyetake,Bridgeway Plan For Health,98839 Hawthorne Blvd #6101,Columbia,Richland,SC,29201,803-925-5213,sabra@uyetake.org,84182
Jade,Farrar,"Berick, Joseph G Esq",6882 Torresdale Ave,Columbia,Richland,SC,29201,803-352-5387,jade.farrar@yahoo.com,153084
Eun,Coody,Weiss Spirt & Guyer,84 Bloomfield Ave,Spartanburg,Spartanburg,SC,29301,864-256-3620,eun@yahoo.com,135064
Sage,Wieser,Bridgeway Plan For Health,5 Boston Ave #88,Sioux Falls,Minnehaha,SD,57105,605-414-2147,sage_wieser@cox.net,84827
Meaghan,Garufi,Weiss Spirt & Guyer,69734 E Carrillo St,Mc Minnville,Warren,TN,37110,931-313-9635,meaghan@hotmail.com,115277
Casie,Good,Bridgeway Plan For Health,5221 Bear Valley Rd,Nashville,Davidson,TN,37211,615-390-2251,casie.good@aol.com,167151
Caprice,Suell,"Lynema, Cliff Cpa",90177 N 55th Ave,Nashville,Davidson,TN,37211,615-246-1824,caprice@aol.com,121092
Josphine,Villanueva,Bridgeway Plan For Health,63 Smith Ln #8343,Moss,Clay,TN,38575,931-553-9774,josphine_villanueva@villanueva.com,103601
Jesusa,Shin,"Berick, Joseph G Esq",2239 Shawnee Mission Pky,Tullahoma,Coffee,TN,37388,931-273-8709,jshin@shin.com,167968
Lorrie,Nestle,"Berick, Joseph G Esq",39 S 7th St,Tullahoma,Coffee,TN,37388,931-875-6644,lnestle@hotmail.com,81813
Bernardine,Rodefer,"Lynema, Cliff Cpa",2 W Grand Ave,Memphis,Shelby,TN,38112,901-901-4726,bernardine_rodefer@yahoo.com,85681
Audra,Kohnert,"Berick, Joseph G Esq",134 Lewis Rd,Nashville,Davidson,TN,37211,615-406-7854,audra@kohnert.com,136579
Glenna,Slayton,"Berick, Joseph G Esq",2759 Livingston Ave,Memphis,Shelby,TN,38118,901-640-9178,glenna_slayton@cox.net,112452
Linn,Paa,Bridgeway Plan For Health,1 S Pine St,Memphis,Shelby,TN,38112,901-412-4381,linn_paa@paa.com,98383
Lonny,Weglarz,"Lynema, Cliff Cpa",51120 State Route 18,Salt Lake City,Salt Lake,UT,84115,801-293-9853,lonny_weglarz@gmail.com,153884
Jerry,Dallen,"Crowan, Kenneth W Esq",393 Lafayette Ave,Richmond,Richmond City,VA,23219,804-762-9576,jerry.dallen@yahoo.com,159776
Malcolm,Tromblay,"Berick, Joseph G Esq",747 Leonis Blvd,Annandale,Fairfax,VA,22003,703-221-5602,malcolm_tromblay@cox.net,71758
Salome,Lacovara,Weiss Spirt & Guyer,9677 Commerce Dr,Richmond,Richmond City,VA,23219,804-550-5097,slacovara@gmail.com,124801
Lisha,Centini,"Crowan, Kenneth W Esq",64 5th Ave #1153,Mc Lean,Fairfax,VA,22102,703-235-3937,lisha@centini.org,165610
Lavonna,Wolny,Bridgeway Plan For Health,5 Cabot Rd,Mc Lean,Fairfax,VA,22102,703-483-1970,lavonna.wolny@hotmail.com,146341
Taryn,Moyd,"Berick, Joseph G Esq",48 Lenox St,Fairfax,Fairfax City,VA,22030,703-322-4041,taryn.moyd@hotmail.com,141662
Jolene,Ostolaza,Bridgeway Plan For Health,1610 14th St Nw,Newport News,Newport News City,VA,23608,757-682-7116,jolene@yahoo.com,144349
Alex,Loader,"Crowan, Kenneth W Esq",37 N Elm St #916,Tacoma,Pierce,WA,98409,253-660-7821,alex@loader.com,162255
Jani,Biddy,"Berick, Joseph G Esq",61556 W 20th Ave,Seattle,King,WA,98104,206-711-6498,jbiddy@yahoo.com,97422
Glen,Bartolet,Weiss Spirt & Guyer,8739 Hudson St,Vashon,King,WA,98070,206-697-5796,glen_bartolet@hotmail.com,76149
Ettie,Hoopengardner,"Crowan, Kenneth W Esq",39 Franklin Ave,Richland,Benton,WA,99352,509-755-5393,ettie.hoopengardner@hotmail.com,80784
Dottie,Hellickson,Weiss Spirt & Guyer,67 E Chestnut Hill Rd,Seattle,King,WA,98133,206-540-6076,dottie@hellickson.org,167066
Samira,Heintzman,"Berick, Joseph G Esq",8772 Old County Rd #5410,Kent,King,WA,98032,206-311-4137,sheintzman@hotmail.com,148868
Johnna,Engelberg,"Crowan, Kenneth W Esq",5 S Colorado Blvd #449,Bothell,Snohomish,WA,98021,425-986-7573,jengelberg@engelberg.org,132957
Laurel,Pagliuca,"Lynema, Cliff Cpa",36 Enterprise St Se,Richland,Benton,WA,99352,509-695-5199,laurel@yahoo.com,90377
Mona,Delasancha,"Lynema, Cliff Cpa",38773 Gravois Ave,Cheyenne,Laramie,WY,82001,307-403-1488,mdelasancha@hotmail.com,168647
Lauran,Burnard,Bridgeway Plan For Health,66697 Park Pl #3224,Riverton,Fremont,WY,82501,307-342-7795,lburnard@burnard.com,164812
Natalie,Fern,"Lynema, Cliff Cpa",7140 University Ave,Rock Springs,Sweetwater,WY,82901,307-704-8713,natalie.fern@hotmail.com,166421
